<?xml version="1.0" encoding="utf-8" ?>
<Advertisements xmlns="http://schemas.microsoft.com/AspNet/AdRotator-Schedule-File">
	<Ad>
		<ImageUrl>~/BookImg1.gif</ImageUrl>
		<Impressions>20</Impressions>		
	</Ad>
	<Ad>
		<ImageUrl>~/BookImg2.gif</ImageUrl>
		<Impressions>20</Impressions>		
	</Ad>

	<Ad>
		<ImageUrl>~/BookImg3.gif</ImageUrl>
		<Impressions>20</Impressions>		
	</Ad>

	<Ad>
		<ImageUrl>~/BookImg4.gif</ImageUrl>
		<Impressions>20</Impressions>		
	</Ad>

	<Ad>
		<ImageUrl>~/BookImg5.gif</ImageUrl>
		<Impressions>20</Impressions>	
	</Ad>
</Advertisements>